blink_signal_energy_mean_EEG-E8,blink_signal_energy_std_EEG-E8,blink_signal_energy_cv_EEG-E8,teager_kaiser_energy_mean_EEG-E8,teager_kaiser_energy_std_EEG-E8,teager_kaiser_energy_cv_EEG-E8,blink_line_length_mean_EEG-E8,blink_line_length_std_EEG-E8,blink_line_length_cv_EEG-E8,blink_velocity_integral_mean_EEG-E8,blink_velocity_integral_std_EEG-E8,blink_velocity_integral_cv_EEG-E8
3.8933378905022335e-09,4.3980673565085713e-10,0.11296392658951131,3.1205479662645053e-10,3.620475434169389e-11,0.1160205025947199,0.0004048818575533965,7.494157696968446e-06,0.018509492478259792,0.00039847760176220013,9.283822635423091e-06,0.023298229547575443
2.3632756777740226e-09,0.0,0.0,1.8372719502345115e-10,0.0,0.0,0.0003061684093956964,0.0,0.0,0.0003017865978884167,0.0,0.0
,,,,,,,,,,,
,,,,,,,,,,,
3.274178438886829e-09,0.0,0.0,2.1280356228534798e-10,0.0,0.0,0.00040260011221909364,0.0,0.0,0.00040097689637156155,0.0,0.0
,,,,,,,,,,,
3.1554470683629416e-09,0.0,0.0,1.9319863707457702e-10,0.0,0.0,0.00036174422304797034,0.0,0.0,0.00033739539478197116,0.0,0.0
,,,,,,,,,,,
2.282161679455875e-09,0.0,0.0,1.5854694894097115e-10,0.0,0.0,0.0002587766503134172,0.0,0.0,0.00024362484014899325,0.0,0.0
,,,,,,,,,,,
,,,,,,,,,,,
3.173243383377154e-09,0.0,0.0,2.855352118430624e-10,0.0,0.0,0.0003942869452438077,0.0,0.0,0.0003406350760349015,0.0,0.0
,,,,,,,,,,,
1.6217865246210766e-09,7.982132286618248e-10,0.49218144098732347,1.5239806501767662e-10,4.847301516048624e-11,0.31806844237073395,0.00025263381784260434,3.41150630751003e-05,0.13503759459612263,0.00022886577908764065,2.4986234290074714e-05,0.10917418230755511
3.364845641947656e-09,0.0,0.0,2.0996097079701757e-10,0.0,0.0,0.0003650688408040468,0.0,0.0,0.0003294149269042066,0.0,0.0
,,,,,,,,,,,
1.2150674621126798e-09,0.0,0.0,9.697432030799719e-11,0.0,0.0,0.00020432452936213624,0.0,0.0,0.00017999635035190176,0.0,0.0
3.3917473955302514e-09,9.813674640207243e-10,0.2893397855376849,2.282600035530819e-10,3.4686800698309285e-11,0.1519617986435493,0.0003537214642879295,2.163680619432737e-05,0.061169050732852885,0.00032309627246686947,1.1959368726165783e-05,0.037014876819391675
,,,,,,,,,,,
2.2039545182606657e-09,1.0795339432467998e-10,0.04898167971718195,2.1514875639469293e-10,9.945470510578123e-12,0.04622601904485583,0.00027278179914085585,1.9455019495740806e-05,0.071320812301318,0.00022401101800356227,3.2236354034036944e-05,0.1439052164546849
3.0618218133256297e-09,1.5748354060721014e-10,0.05143458705591941,2.0807835389574811e-10,2.934527546293383e-11,0.14102992893550312,0.000298565596164831,2.0458557688693023e-05,0.06852282363235963,0.0002703428713192067,1.4947727585925364e-05,0.05529173938629908
,,,,,,,,,,,
3.958201651165261e-09,0.0,0.0,4.14294232797497e-10,0.0,0.0,0.00037947792921174826,0.0,0.0,0.0002933006342147606,0.0,0.0
1.0801819848627208e-09,2.8966401426271894e-10,0.26816223406978223,1.0945950648621185e-10,3.935401043596308e-12,0.03595303112472952,0.00023687757296798407,1.0719808365530423e-05,0.045254636102588286,0.0001880334140229973,1.7793976547730403e-05,0.09463199208601362
2.067050085418968e-09,1.2184326206629586e-09,0.5894548125649292,2.0687854888975598e-10,1.013554180803048e-10,0.48992715109538176,0.00032367313170758995,0.00011639147446104747,0.359595725005055,0.0002652642567864148,8.627176779300366e-05,0.3252295233370543
1.398770984161989e-09,1.390870103633832e-09,0.9943515553170482,1.0242679668763356e-10,9.779941683697213e-11,0.9548225659660787,0.00015438314764101076,0.00012020564975561908,0.7786189852478906,0.00012493681059657342,0.00010850377170163681,0.868469198017231
,,,,,,,,,,,
2.6720325890515966e-09,0.0,0.0,2.06181562280463e-10,0.0,0.0,0.00028732290031573224,0.0,0.0,0.0002339374159220179,0.0,0.0
2.1076375907366016e-09,0.0,0.0,1.2218241145252954e-10,0.0,0.0,0.0002557984596196864,0.0,0.0,0.00022499748680949444,0.0,0.0
,,,,,,,,,,,
1.3373737662501088e-09,5.679735004784855e-10,0.4246931671697424,1.315975540687991e-10,4.6029100291442774e-11,0.34977170067597757,0.0002249606285962352,8.909938781085326e-05,0.39606658448119386,0.00016861809877644716,7.492762309664067e-05,0.44436287468748686
1.1178290697671113e-09,7.384988707118722e-10,0.6606545586309821,1.3883866692481023e-10,7.876539056009227e-11,0.5673159524266292,0.00022933042269656376,0.00011023546937284917,0.4806840194887973,0.00017272118259939307,8.550742989770314e-05,0.4950604703537017
,,,,,,,,,,,
,,,,,,,,,,,
1.7430943445300856e-09,1.4353394521972913e-09,0.8234433533109989,2.0961373113980084e-10,1.819705085762207e-10,0.8681230355794601,0.00028614314816225833,0.00018126748793466512,0.6334853345217158,0.00022445882667695857,0.0001409640556300315,0.628017430710832
,,,,,,,,,,,
2.2989002595961356e-09,1.0943949102214351e-09,0.4760514970813459,2.11680206667123e-10,1.0340461332383462e-10,0.4884944839762142,0.00028232943600287855,9.460885270623335e-05,0.33510091631135747,0.00022406349231121015,7.871297809366356e-05,0.3512976490803605
1.9528683514127786e-09,2.4969295560205656e-10,0.1278595945402153,2.2115410364450801e-10,7.684799232297199e-11,0.34748616940204075,0.00030442833122364544,3.5855171636429836e-05,0.1177786952098396,0.0002343307151450859,3.6701932588112576e-05,0.15662450637505446
1.8135616028546758e-09,1.0436653455440671e-09,0.5754782985597309,2.1277923811518102e-10,1.0045813528381346e-10,0.47212376627382113,0.0002995442628632966,0.00013283329508411964,0.44345130771121105,0.0002278813177312579,9.977453867994899e-05,0.437835535063975
2.389915039108967e-09,0.0,0.0,1.8724801714614745e-10,0.0,0.0,0.0002672405534340237,0.0,0.0,0.00021881437864679348,0.0,0.0
3.5753547862294284e-09,5.776389004591325e-09,1.6156128132624032,3.160756194668588e-10,3.558439148139882e-10,1.1258189271738475,0.0005067440432825206,0.0003690782802770893,0.7283327454355892,0.000365369078938365,0.00026875298917531954,0.7355657735356859
4.692192309704856e-09,0.0,0.0,6.513547234668297e-10,0.0,0.0,0.0007670080720322593,0.0,0.0,0.000575777821135002,0.0,0.0
1.3622801816022e-09,1.1285809879550488e-09,0.8284499790841163,2.517130887602427e-10,1.3866508405865078e-10,0.5508854733840622,0.0003948257665829914,0.0001166397336812342,0.29542077430936065,0.00026521920643494246,8.313569368084387e-05,0.3134603062815393
8.904325117261712e-10,5.056329176209985e-10,0.5678509162258581,9.407338726924767e-11,2.2810723072599297e-11,0.24247796039609665,0.0002589850629819379,3.720621089030317e-05,0.14366160913650067,0.00020986174438908703,4.210191210138621e-05,0.20061737418578104
3.698696917166398e-09,4.446169152650772e-09,1.2020906963247528,3.2095507782690435e-10,3.3920353001123103e-10,1.0568567174817167,0.0004466915694302115,0.0003792941130084202,0.8491185841994694,0.0004039999551364122,0.00034786709669830856,0.8610572656644229
2.7326881234339054e-09,4.673402082963506e-09,1.71018494312878,2.466569650478067e-10,3.1614689028805943e-10,1.2817269937087903,0.00028067166363822713,0.00019420106831559105,0.6919154780295431,0.00022462498771377116,0.00017603522924149038,0.7836849810574219
9.210948118400403e-10,1.9496804807850457e-10,0.21166990148280546,1.803442812849123e-10,1.013908541090889e-10,0.5622072038364729,0.00038854758423390853,0.00013018877433667363,0.33506520081282765,0.00028520493374219473,5.525595952123128e-05,0.193741247026178
9.916320539004581e-10,8.621530402694255e-10,0.8694283700070571,1.446346530523517e-10,1.1764376100806807e-10,0.8133857172214873,0.0002782125872566909,0.00012368518378643256,0.44457076872771145,0.00022083003510044467,8.88336977625273e-05,0.40227180927685513
1.9154984374010998e-09,3.883854692801189e-10,0.2027594811338351,1.839202836250176e-10,2.30910577634288e-11,0.12554927226247414,0.00029278521705189766,3.855564297040187e-05,0.1316857570837249,0.00023575167267976977,2.692738368065148e-05,0.11421926883729026
2.3352744649935462e-09,1.935111840767313e-09,0.8286442856183334,3.0530166445318656e-10,2.9856828890351023e-10,0.9779451724846105,0.0006248509328881959,0.000781859141921955,1.2512730649341168,0.00045030537784752136,0.0005223664198479443,1.1600270517418152
1.9054451763352114e-09,0.0,0.0,1.2419649760214267e-10,0.0,0.0,0.00025123296662220984,0.0,0.0,0.00022600941346349597,0.0,0.0
,,,,,,,,,,,
8.634414948359449e-10,1.018580388014663e-09,1.17967504933058,1.2387865399597295e-10,1.0156915553299631e-10,0.8199084528017081,0.00023918031382549158,0.00015730557451089483,0.6576861280718387,0.0001827691408914265,0.00012756950459412745,0.6979816394164141
,,,,,,,,,,,
7.86954948297242e-10,0.0,0.0,6.164653454968968e-11,0.0,0.0,0.00010153356595825054,0.0,0.0,0.00010153356595825054,0.0,0.0
1.7437587367580163e-09,1.693278152634792e-09,0.971050706121721,2.1241220072189225e-10,1.3026305012159755e-10,0.6132559696613133,0.000344819529039706,0.00010632673863211123,0.3083547469837989,0.00025504910453564753,9.655681439817668e-05,0.37858127192397645
4.66425670790747e-09,4.330743508494228e-09,0.9284959597425617,4.821730975093772e-10,5.145795745677512e-10,1.0672092184855744,0.0005601414842096461,0.00047115425221763696,0.8411343660475902,0.0004501468902960631,0.00040448355418387926,0.8985590324035095
1.8160612976925224e-09,2.158165721294176e-09,1.1883771346464624,2.570520242158239e-10,2.641931371680721e-10,1.027780808083629,0.0003302467290452491,0.00023305482467840736,0.7056991157858677,0.00024140074338552635,0.0001795192313670217,0.743656497694883
6.897461605030025e-10,5.721121931015393e-10,0.8294532479663566,1.3496543734977986e-10,8.885735113875524e-11,0.6583711569686561,0.000268771207035247,8.069379379395232e-05,0.30023228560851767,0.00018689679690041402,5.303325283887751e-05,0.2837568846465342
